Product Name,Over_All_Rating,Price,Date,Rating,Name,Comment
Buy HELLCAT Boys Pack Of 3 Printed Cotton T Shirt  - Tshirts for Boys 22204272 | Myntra,4.1,‚Çπ599,2 Oct 2023,5,Abhi Biswas,Very good quality ‚ù§Ô∏è
Buy HELLCAT Boys Pack Of 3 Printed Cotton T Shirt  - Tshirts for Boys 22204272 | Myntra,4.1,‚Çπ599,2 Apr 2024,5,Ammar Kureshi,"Nice Product. Value for money . üëåüëå Super. ( But Check size carefully before ordering it ). ‚≠ê‚≠ê‚≠ê‚≠ê‚≠ê 

Material.     ‚≠ê‚≠ê‚≠ê‚≠ê‚≠ê
Comfort.     ‚≠ê‚≠ê‚≠ê‚≠ê‚≠ê
Colour.         ‚≠ê‚≠ê‚≠ê‚≠ê‚≠ê
Fit.                   ‚≠ê‚≠ê‚≠ê‚≠ê‚≠ê
Length.          ‚≠ê‚≠ê‚≠ê‚≠ê


Well done HELLCAT. üëå
üôèüôèüôèüôèüôèüôèüôèüôèüôèüôèüôèüôèüôèüôèüôèüôèüôèüôèüôèüôèüôèüôèüôè"
Buy HELLCAT Boys Pack Of 3 Printed Cotton T Shirt  - Tshirts for Boys 22204272 | Myntra,4.1,‚Çπ599,6 June 2024,5,Chiya,Amaz fit and awesome bright colours! Satisfied ‚ô•Ô∏è
Buy HELLCAT Boys Pack Of 3 Printed Cotton T Shirt  - Tshirts for Boys 22204272 | Myntra,4.1,‚Çπ599,12 May 2024,5,Jyoti Shukla,
Buy HELLCAT Boys Pack Of 3 Printed Cotton T Shirt  - Tshirts for Boys 22204272 | Myntra,4.1,‚Çπ599,19 June 2024,3,Sapna Kushwah,In product details it was mentioned that these are of cotton material but in actual these are of cotton blend material. Not at all suitable for summer season and for children's skin. Color and design was comparatively good.
Buy HELLCAT Boys Pack Of 3 Printed Cotton T Shirt  - Tshirts for Boys 22204272 | Myntra,4.1,‚Çπ599,17 Apr 2024,5,Vijay Murugesh,Thanks team good quality tshirt and pant as well the delivery which I expected was tomorrow great it was delivered today üëç üòÄ since my son birthday was tomorrow great job love myntra 
Buy HELLCAT Boys Pack Of 3 Printed Cotton T Shirt  - Tshirts for Boys 22204272 | Myntra,4.1,‚Çπ599,17 June 2024,4,Susana,"Giving a 4 star cos I was expecting short sleeve t like the picture but I got a hoodie plus another long sleeve t.
But in all it's cool thanks"
Buy HELLCAT Boys Pack Of 3 Printed Cotton T Shirt  - Tshirts for Boys 22204272 | Myntra,4.1,‚Çπ599,4 Oct 2023,5,Nikhil Khawse,
Buy HELLCAT Boys Pack Of 3 Printed Cotton T Shirt  - Tshirts for Boys 22204272 | Myntra,4.1,‚Çπ599,29 Oct 2023,5,Gouri Bhattacherjee,Superb quality very soft and comfortable...must buy 
Buy HELLCAT Boys Pack Of 3 Printed Cotton T Shirt  - Tshirts for Boys 22204272 | Myntra,4.1,‚Çπ599,2 May 2024,3,S Lakshman Naik,Tees were good üëçüëç but size 11to12 years is little bit small but good
Buy HELLCAT Boys Pack Of 3 Printed Cotton T Shirt  - Tshirts for Boys 22204272 | Myntra,4.1,‚Çπ599,17 June 2024,4,Myntra Customer,"The quality is good for this price, and design looks just like the picture. I am writing this review after my purchase l, so I I'll have to see how it holds up after multiple washes."
Buy HELLCAT Boys Pack Of 3 Printed Cotton T Shirt  - Tshirts for Boys 22204272 | Myntra,4.1,‚Çπ599,6 Sept 2024,5,Kartik,Very good product üëåüèª üëçüèª.. I really appreciate myntra jesa order Kia vaisa he ek dam üòÄ full size ‚ù§Ô∏è‚Äçü©πü•∞
Buy HELLCAT Boys Pack Of 3 Printed Cotton T Shirt  - Tshirts for Boys 22204272 | Myntra,4.1,‚Çπ599,11 June 2024,4,Deepanjali,Product is nice . You should improve your delivery speed and a little bit quality of the shirts.Overall totally satisfied with it.
Buy HELLCAT Boys Pack Of 3 Printed Cotton T Shirt  - Tshirts for Boys 22204272 | Myntra,4.1,‚Çπ599,15 June 2024,5,Sweety Jain,Size perfect and fabric too good every one purchase this combo it's really too good 
Buy HELLCAT Boys Pack Of 3 Printed Cotton T Shirt  - Tshirts for Boys 22204272 | Myntra,4.1,‚Çπ599,24 Feb 2024,4,Firdous Ainullah,"It is a good product but the quality is not pure cotton, it is a little silky georgette type. "
Buy HELLCAT Boys Pack Of 3 Printed Cotton T Shirt  - Tshirts for Boys 22204272 | Myntra,4.1,‚Çπ599,27 June 2024,5,Aarush Agarwal,"Best product under reasonable rate and the quality of product is fantastic. My whole family liked this product and ordered it several times
"
Buy HELLCAT Boys Pack Of 3 Printed Cotton T Shirt  - Tshirts for Boys 22204272 | Myntra,4.1,‚Çπ599,17 June 2024,5,Laxmi,"Very good t shirts  , coulour and size are too good"
Buy HELLCAT Boys Pack Of 3 Printed Cotton T Shirt  - Tshirts for Boys 22204272 | Myntra,4.1,‚Çπ599,21 June 2024,5,Meenu Aryaa,"Nice Tshirt,,, good quality."
Buy HELLCAT Boys Pack Of 3 Printed Cotton T Shirt  - Tshirts for Boys 22204272 | Myntra,4.1,‚Çπ599,11 Aug 2024,5,Kumkum,"T-shirts are made with very good quality completely worth it.  If your 
son is 5 years then go for 6-7 years size or even bigger
"
Buy HELLCAT Boys Pack Of 3 Printed Cotton T Shirt  - Tshirts for Boys 22204272 | Myntra,4.1,‚Çπ599,11 Apr 2024,4,Savitha,Very good 
Buy HELLCAT Boys Pack Of 3 Printed Cotton T Shirt  - Tshirts for Boys 22204272 | Myntra,4.1,‚Çπ599,22 June 2024,5,Nikitta,do try it for once.. The product is overall a nice product.. Give it a Try Yoy will not regret it for sure..
Buy HELLCAT Boys Pack Of 3 Printed Cotton T Shirt  - Tshirts for Boys 22204272 | Myntra,4.1,‚Çπ599,11 June 2024,4,Krishna Paravasthu,Nice colors and fitting. Easy on the skin for kids. My son loves them.
Buy HELLCAT Boys Pack Of 3 Printed Cotton T Shirt  - Tshirts for Boys 22204272 | Myntra,4.1,‚Çπ599,23 June 2024,4,Hebah Jawed,The material of all 3 of them are good and it's a perfect fit
Buy HELLCAT Boys Pack Of 3 Printed Cotton T Shirt  - Tshirts for Boys 22204272 | Myntra,4.1,‚Çπ599,23 July 2023,4,Dr Rinku Ruhal,Looking good but stuff is not so good
Buy HELLCAT Boys Pack Of 3 Printed Cotton T Shirt  - Tshirts for Boys 22204272 | Myntra,4.1,‚Çπ599,9 June 2024,4,Myntra Customer,"Over all very good for summer but size was big 
For 13-15 age kid 
"
Buy HELLCAT Boys Pack Of 3 Printed Cotton T Shirt  - Tshirts for Boys 22204272 | Myntra,4.1,‚Çπ599,10 Aug 2024,5,Himani Karnwal,"The fabric is good, comfortable to wear, cool for summer üåûüèñÔ∏è. Overall on this much price t shirts are soo good. "
Buy HELLCAT Boys Pack Of 3 Printed Cotton T Shirt  - Tshirts for Boys 22204272 | Myntra,4.1,‚Çπ599,11 June 2024,5,Jamila Ben Hala,"Comfortable
Goes in every function and vacation 
Very happy 
Just love itt very good stuff üòçü§©üëçüëçüëç"
Buy HELLCAT Boys Pack Of 3 Printed Cotton T Shirt  - Tshirts for Boys 22204272 | Myntra,4.1,‚Çπ599,27 June 2024,4,Myntra Customer,"Very nice t shirts.
Good quality fabric. Thanku Myntra.ü•∞"
Buy HELLCAT Boys Pack Of 3 Printed Cotton T Shirt  - Tshirts for Boys 22204272 | Myntra,4.1,‚Çπ599,8 Sept 2024,4,Myntra Customer,"Nice tshirt pure cotton l like it worth of money and it's colour is good üëçüèª 
"
Buy HELLCAT Boys Pack Of 3 Printed Cotton T Shirt  - Tshirts for Boys 22204272 | Myntra,4.1,‚Çπ599,13 July 2024,4,Rajendra Reddy,Very comfortable for playing kids . And even gmfor teenagers . Good cotton.
Buy HELLCAT Boys Pack Of 3 Printed Cotton T Shirt  - Tshirts for Boys 22204272 | Myntra,4.1,‚Çπ599,8 June 2024,5,Myntra Customer,"I am satisfied with your services and quality.
Mostly size fits properly.colours are good.I prefer maintaining."
Buy HELLCAT Boys Pack Of 3 Printed Cotton T Shirt  - Tshirts for Boys 22204272 | Myntra,4.1,‚Çπ599,31 Aug 2024,4,Reetika,Ok ok product when you wash with brush it tint remove 
Buy HELLCAT Boys Pack Of 3 Printed Cotton T Shirt  - Tshirts for Boys 22204272 | Myntra,4.1,‚Çπ599,24 June 2024,4,Priyanka,"Nice fabric and looks exactly as shown in the image 
"
Buy HELLCAT Boys Pack Of 3 Printed Cotton T Shirt  - Tshirts for Boys 22204272 | Myntra,4.1,‚Çπ599,25 Aug 2023,4,Sujata,Nice T shirt l like very much 
Buy HELLCAT Boys Pack Of 3 Printed Cotton T Shirt  - Tshirts for Boys 22204272 | Myntra,4.1,‚Çπ599,6 Aug 2024,5,Rambala,It's a good long lasting product my son has been wearing these for some time now 
Buy HELLCAT Boys Pack Of 3 Printed Cotton T Shirt  - Tshirts for Boys 22204272 | Myntra,4.1,‚Çπ599,21 Apr 2024,5,Deepti Mehra,"It‚Äôs nice stuff and graceful 
Thnku for such a great quality 
üëçüëç‚ù§Ô∏è


"
Buy HELLCAT Boys Pack Of 3 Printed Cotton T Shirt  - Tshirts for Boys 22204272 | Myntra,4.1,‚Çπ599,8 June 2024,4,Imran Sayed,"But one size bigger  
Very good t shirts"
Buy HELLCAT Boys Pack Of 3 Printed Cotton T Shirt  - Tshirts for Boys 22204272 | Myntra,4.1,‚Çπ599,28 Apr 2024,4,Myntra Customer,"2 tees were of good quality but the 3rd one was decent
"
Buy HELLCAT Boys Pack Of 3 Printed Cotton T Shirt  - Tshirts for Boys 22204272 | Myntra,4.1,‚Çπ599,19 June 2024,4,Myntra Customer,"Nice T-shirts for daily wear. 
Soft and comfortable"
Buy HELLCAT Boys Pack Of 3 Printed Cotton T Shirt  - Tshirts for Boys 22204272 | Myntra,4.1,‚Çπ599,13 July 2024,5,Dr Divya,"Same as shown in the pictures. Quality and colour of the t shirts are really good.
"
Buy HELLCAT Boys Pack Of 3 Printed Cotton T Shirt  - Tshirts for Boys 22204272 | Myntra,4.1,‚Çπ599,29 Aug 2024,4,G Sampath Reddy,Quality was good....but size was little short...
Buy HELLCAT Boys Pack Of 3 Printed Cotton T Shirt  - Tshirts for Boys 22204272 | Myntra,4.1,‚Çπ599,5 Sept 2024,5,Sivakumar,The brand was good and clothing was very soft over all the t shirt purchased is awesome 
Buy HELLCAT Boys Pack Of 3 Printed Cotton T Shirt  - Tshirts for Boys 22204272 | Myntra,4.1,‚Çπ599,26 May 2024,4,Vandana,"Very nice product 
I am very happy "
Buy HELLCAT Boys Pack Of 3 Printed Cotton T Shirt  - Tshirts for Boys 22204272 | Myntra,4.1,‚Çπ599,23 July 2024,5,Nikesh,Exlent quality of tshirt boths and comfortable for wearing every day 
Buy HELLCAT Boys Pack Of 3 Printed Cotton T Shirt  - Tshirts for Boys 22204272 | Myntra,4.1,‚Çπ599,14 July 2024,4,Myntra Customer,"Quality is good ,fit perfectly "
Buy HELLCAT Boys Pack Of 3 Printed Cotton T Shirt  - Tshirts for Boys 22204272 | Myntra,4.1,‚Çπ599,11 Aug 2024,5,Rajeshwari,Amazing just perfect fit and colour very comfortable for day today use 
Buy HELLCAT Boys Pack Of 3 Printed Cotton T Shirt  - Tshirts for Boys 22204272 | Myntra,4.1,‚Çπ599,21 June 2024,5,Chedup Bhutia,"I like this product it is good üëçüèª It's quality is very up to mark

"
Buy HELLCAT Boys Pack Of 3 Printed Cotton T Shirt  - Tshirts for Boys 22204272 | Myntra,4.1,‚Çπ599,10 July 2024,4,Vijaya,"Nice tshirts, quality is also good!!"
Buy HELLCAT Boys Pack Of 3 Printed Cotton T Shirt  - Tshirts for Boys 22204272 | Myntra,4.1,‚Çπ599,31 Mar 2024,4,Zeba,Vary nice üëç
Buy HELLCAT Boys Pack Of 3 Printed Cotton T Shirt  - Tshirts for Boys 22204272 | Myntra,4.1,‚Çπ599,14 Aug 2024,5,Sikandar Ekka,It's quality hv awesome üëçüëçüëç after 1 month use with wash....
Buy HELLCAT Boys Pack Of 3 Printed Cotton T Shirt  - Tshirts for Boys 22204272 | Myntra,4.1,‚Çπ599,29 Aug 2024,5,Rajesh Aligeti,Good for daily ware for the boys. Exactly as shown in the picture. 
Buy HELLCAT Boys Pack Of 3 Printed Cotton T Shirt  - Tshirts for Boys 22204272 | Myntra,4.1,‚Çπ599,22 May 2024,4,Ambar,Good quality and light material 
Buy HELLCAT Boys Pack Of 3 Printed Cotton T Shirt  - Tshirts for Boys 22204272 | Myntra,4.1,‚Çπ599,8 July 2024,5,Suman Agarwal,T shirts look exactly the same as in photo. Fit and material is also good.
Buy HELLCAT Boys Pack Of 3 Printed Cotton T Shirt  - Tshirts for Boys 22204272 | Myntra,4.1,‚Çπ599,21 Sept 2023,5,Kanchana,Good quality Same material as shown as in the picture 
Buy HELLCAT Boys Pack Of 3 Printed Cotton T Shirt  - Tshirts for Boys 22204272 | Myntra,4.1,‚Çπ599,2 July 2024,5,Shubham,"Color. A good quality fabric should have a dye job to match. ...

"
Buy HELLCAT Boys Pack Of 3 Printed Cotton T Shirt  - Tshirts for Boys 22204272 | Myntra,4.1,‚Çπ599,27 June 2024,4,Hema Lalwani,"Nice fitting 
Nice material

"
Buy HELLCAT Boys Pack Of 3 Printed Cotton T Shirt  - Tshirts for Boys 22204272 | Myntra,4.1,‚Çπ599,11 Oct 2023,5,Chaiti Bhowmick,Got what was needed..loved by the recipient. 
Buy HELLCAT Boys Pack Of 3 Printed Cotton T Shirt  - Tshirts for Boys 22204272 | Myntra,4.1,‚Çπ599,28 May 2024,4,Rajesh Vasaniya,Very economic and best quality
Buy HELLCAT Boys Pack Of 3 Printed Cotton T Shirt  - Tshirts for Boys 22204272 | Myntra,4.1,‚Çπ599,10 June 2024,5,Raman Khanna,Size is as prescribed in the description page 
Buy HELLCAT Boys Pack Of 3 Printed Cotton T Shirt  - Tshirts for Boys 22204272 | Myntra,4.1,‚Çπ599,25 June 2024,5,Antara Roychoudhury,The quality of the product is very good and my daughter loved it! 
Buy HELLCAT Boys Pack Of 3 Printed Cotton T Shirt  - Tshirts for Boys 22204272 | Myntra,4.1,‚Çπ599,25 June 2024,4,Rizwan,Nyc T shirts as shown in pic.
Buy HELLCAT Boys Pack Of 3 Printed Cotton T Shirt  - Tshirts for Boys 22204272 | Myntra,4.1,‚Çπ599,14 Aug 2024,5,Myntra Customer,"This is so good and fabric is also very comfortable and  nice 
"
Buy HELLCAT Boys Pack Of 3 Printed Cotton T Shirt  - Tshirts for Boys 22204272 | Myntra,4.1,‚Çπ599,15 July 2024,4,Anamika Singh,Nice product for daily wear.
Buy HELLCAT Boys Pack Of 3 Printed Cotton T Shirt  - Tshirts for Boys 22204272 | Myntra,4.1,‚Çπ599,12 July 2024,4,Reena Gawariya,Satisfied from this t shirt 
Buy HELLCAT Boys Pack Of 3 Printed Cotton T Shirt  - Tshirts for Boys 22204272 | Myntra,4.1,‚Çπ599,8 Aug 2024,4,Myntra Customer,"Good quality just go for it
"
Buy HELLCAT Boys Pack Of 3 Printed Cotton T Shirt  - Tshirts for Boys 22204272 | Myntra,4.1,‚Çπ599,16 Aug 2024,5,Rajputi Culture By Ranisa,"Unable to upload pictures 

Super fabric at affordable price 
"
